folder,created,modified,size,source,reason
crypto-wallets-Money-tools-binance-gen,2025-02-19 12:53:38,2025-02-19 12:53:38,70.01 KB,/Users/user/__Repositories0,newer
crypto-drop-checkers,2025-02-17 07:24:09,2024-12-19 13:22:41,73.83 MB,/Users/user/__Repositories0,larger
second-brain-based-on-awesome-nest-boilerplate__NarHakobyan,2025-02-19 12:53:38,2025-02-19 12:53:38,10.81 MB,/Users/user/__Repositories0,newer
crypto-Twitter-Multi-Actions,2025-02-19 12:53:38,2025-02-19 12:53:38,224.03 KB,/Users/user/__Repositories0,newer
blockchainwave-html-api-scrapping,2025-02-17 07:24:09,2023-06-16 15:58:46,80.27 MB,/Users/user/__Repositories0,larger
crypto-eth-wallet-notify,2025-02-19 12:53:38,2025-02-19 12:53:38,294.61 KB,/Users/user/__Repositories0,newer
crypto-wallets-Generate-EVMs-And-Check-Balances,2025-02-19 12:53:38,2025-02-19 12:53:38,126.57 KB,/Users/user/__Repositories0,newer
LLMs-airpg__belbix-master-week6-1,2025-02-19 12:53:38,2025-02-19 12:53:38,2.91 MB,/Users/user/__Repositories0,newer
crypto-exchange-cex-cex-all-in-one-withdrawal,2025-02-19 12:53:38,2025-02-19 12:53:38,80.88 KB,/Users/user/__Repositories0,newer
second-brain-based-on-nestjs-boilerplate__brocoders,2025-02-19 12:53:38,2025-02-19 12:53:38,7.90 MB,/Users/user/__Repositories0,newer
LLMs-chatgpt-backup__abacaj,2025-02-19 12:53:38,2025-02-19 12:53:38,1.30 MB,/Users/user/__Repositories0,newer
obsidian-telegram-sync__soberhacker_test,2025-02-19 12:53:38,2025-02-19 12:53:38,1.79 MB,/Users/user/__Repositories0,newer
nestjs-prisma-starter-boilerplate__notiz-dev,2025-02-19 12:53:38,2025-02-19 12:53:38,4.08 MB,/Users/user/__Repositories0,newer
crypto-exchange-cex-okx-withdrawal2,2025-02-17 07:24:08,2024-11-17 14:51:30,4.66 MB,/Users/user/__Repositories0,larger
LLMs-openrouter-compare-chat,2025-02-17 07:24:09,2024-12-19 18:14:00,48.91 MB,/Users/user/__Repositories0,larger
LLMs-airpg__belbix-master,2025-02-19 12:53:38,2025-02-19 12:53:38,1.65 MB,/Users/user/__Repositories0,newer
LLMs-Cline__Cline,2025-02-19 12:53:38,2025-02-19 12:53:38,41.73 MB,/Users/user/__Repositories0,newer
LLMs-own-scripts,2025-02-17 07:24:09,2024-06-08 20:04:15,80.21 MB,/Users/user/__Repositories0,larger
LLMs-chatgpt-access-token,2025-02-17 07:24:09,2023-05-01 07:01:44,898.74 KB,/Users/user/__Repositories0,larger
LLMs-airpg__belbix-master-week4,2025-02-19 12:53:43,2025-02-19 12:53:43,2.13 MB,/Users/user/__Repositories0,newer
LLMs-git2txt-repo-loader__addyosmani__developerisnow,2025-02-17 07:24:09,2024-12-19 18:14:05,11.93 MB,/Users/user/__Repositories0,larger
translate-google-api-bulk,2025-02-17 07:24:08,2025-01-10 06:14:21,9.15 MB,/Users/user/__Repositories0,larger
LLMs-airpg__belbix-master-week5,2025-02-19 12:53:43,2025-02-19 12:53:43,1.25 MB,/Users/user/__Repositories0,newer
obsidian-tasks,2025-02-19 12:53:43,2025-02-19 12:53:43,70.81 MB,/Users/user/__Repositories0,newer
LLMs-MoneyPrinterV2__FujiwaraChoki,2025-02-19 12:53:43,2025-02-19 12:53:43,321.50 KB,/Users/user/__Repositories0,newer
crypto-wallets-Money-tools-binance-gen,2025-02-25 11:53:52,2025-02-25 11:53:52,70.01 KB,/Users/user/__Repositories1,newer
crypto-drop-checkers,2025-02-19 13:12:35,2024-12-19 13:22:41,73.83 MB,/Users/user/__Repositories1,larger
second-brain-based-on-awesome-nest-boilerplate__NarHakobyan,2025-02-25 11:53:52,2025-02-25 11:53:52,10.81 MB,/Users/user/__Repositories1,newer
crypto-Twitter-Multi-Actions,2025-02-25 11:53:52,2025-02-25 11:53:52,224.03 KB,/Users/user/__Repositories1,newer
blockchainwave-html-api-scrapping,2025-02-19 13:12:35,2023-06-16 15:58:46,80.27 MB,/Users/user/__Repositories1,larger
crypto-eth-wallet-notify,2025-02-25 11:53:52,2025-02-25 11:53:52,294.61 KB,/Users/user/__Repositories1,newer
crypto-wallets-Generate-EVMs-And-Check-Balances,2025-02-25 11:53:52,2025-02-25 11:53:52,126.57 KB,/Users/user/__Repositories1,newer
LLMs-airpg__belbix-master-week6-1,2025-02-25 11:53:52,2025-02-25 11:53:52,2.91 MB,/Users/user/__Repositories1,newer
crypto-exchange-cex-cex-all-in-one-withdrawal,2025-02-25 11:53:52,2025-02-25 11:53:52,80.88 KB,/Users/user/__Repositories1,newer
second-brain-based-on-nestjs-boilerplate__brocoders,2025-02-25 11:53:52,2025-02-25 11:53:52,7.90 MB,/Users/user/__Repositories1,newer
LLMs-chatgpt-backup__abacaj,2025-02-25 11:53:52,2025-02-25 11:53:52,1.30 MB,/Users/user/__Repositories1,newer
obsidian-telegram-sync__soberhacker_test,2025-02-25 11:53:52,2025-02-25 11:53:52,1.79 MB,/Users/user/__Repositories1,newer
nestjs-prisma-starter-boilerplate__notiz-dev,2025-02-25 11:53:52,2025-02-25 11:53:52,4.08 MB,/Users/user/__Repositories1,newer
crypto-exchange-cex-okx-withdrawal2,2025-02-19 13:12:34,2024-11-17 14:51:30,4.66 MB,/Users/user/__Repositories1,larger
LLMs-openrouter-compare-chat,2025-02-19 13:12:35,2024-12-19 18:14:00,48.91 MB,/Users/user/__Repositories1,larger
LLMs-airpg__belbix-master,2025-02-25 11:53:52,2025-02-25 11:53:52,1.65 MB,/Users/user/__Repositories1,newer
LLMs-Cline__Cline,2025-02-25 11:53:52,2025-02-25 11:53:52,41.73 MB,/Users/user/__Repositories1,newer
LLMs-own-scripts,2025-02-19 13:12:35,2024-06-08 20:04:15,80.21 MB,/Users/user/__Repositories1,larger
LLMs-chatgpt-access-token,2025-02-19 13:12:35,2023-05-01 07:01:44,898.74 KB,/Users/user/__Repositories1,larger
LLMs-airpg__belbix-master-week4,2025-02-25 11:53:57,2025-02-25 11:53:57,2.13 MB,/Users/user/__Repositories1,newer
LLMs-git2txt-repo-loader__addyosmani__developerisnow,2025-02-19 13:12:35,2024-12-19 18:14:05,11.93 MB,/Users/user/__Repositories1,larger
translate-google-api-bulk,2025-02-19 13:12:34,2025-01-10 06:14:21,9.15 MB,/Users/user/__Repositories1,larger
LLMs-airpg__belbix-master-week5,2025-02-25 11:53:57,2025-02-25 11:53:57,1.25 MB,/Users/user/__Repositories1,newer
obsidian-tasks,2025-02-25 11:53:57,2025-02-25 11:53:57,70.81 MB,/Users/user/__Repositories1,newer
LLMs-MoneyPrinterV2__FujiwaraChoki,2025-02-25 11:53:57,2025-02-25 11:53:57,321.50 KB,/Users/user/__Repositories1,newer
